Date,ZINC,TIN,STEEL,NICKEL,MOLYBDENUM,LEAD,COBALT,COPPER,ALUMINIUM
2012-01-03,1826.5,19425,544.5,18427.5,29000,2010.921875,30050,7657.628906,2005.75
2012-01-04,1844.25,19662.5,535,18702.5,29500,2009.40625,31750,7657.492188,2051.5
2012-01-05,1835.25,19412.5,525,18585,30250,2012.4375,32425,7657.765625,2003.25
2012-01-06,1827.25,19747.5,520,18677.5,30300,2006.375,32475,7657.21875,2019.5
2012-01-09,1854.5,20087.5,530,18852.5,30250,2018.5,32050,7658.3125,2061.25
2012-01-10,1912.25,20050,525,19412.5,30250,1994.25,32500,7656.125,2137.5
2012-01-11,1909.75,20275,534.75,19357.5,30250,2042.75,32375,7660.5,2134.25
2012-01-12,1944.5,21087.5,530,19572.5,30250,2015.25,32750,7651.75,2157.25
2012-01-13,1942.5,21087.5,522.5,19627.5,30000,1975.25,33750,7470.5,2109.75
2012-01-16,1947.75,20875,520.25,19267.5,31250,1942.25,33920,7514.5,2120.5
2012-01-17,1999.75,21587.5,527.5,19477.5,30500,1998.5,33750,7502.75,2171.25
2012-01-18,1997.25,21575,527.5,19457.5,30500,1968.25,33900,7640.75,2174.5
2012-01-19,2011.25,21987.5,510,19675,30000,1999.75,34250,7689.25,2180.75
2012-01-20,1995.25,21825,515,20152.5,31000,2003.5,33450,7945.75,2183.5
2012-01-23,2015.25,21932.5,510,20617.5,31000,1988.5,33000,7965.25,2193.25
2012-01-24,2052.25,21857.5,510,20292.5,31000,2045.5,33150,8020.5,2190.25
2012-01-25,2095.25,22000,519.5,20507.5,31000,2091.75,33000,8184.75,2185.75
2012-01-26,2178.25,23327.5,518,21347.5,31000,2131.25,33750,8155.75,2231.75
2012-01-27,2178.25,24307.5,505.5,21667.5,31000,2130.25,33500,8350.25,2241.25
2012-01-30,2095.25,24047.5,510,21367.5,31000,2177.5,33000,8230.25,2210.25
2012-01-31,2125.5,24287.5,505.5,21137.5,31000,2215.75,33250,8332.5,2257.25
2012-02-01,2091.25,24057.5,481,20867.5,31000,2195.5,32500,8266.75,2219.25
2012-02-02,2092.75,24075,485.5,20902.5,31000,2276.75,32750,8270.5,2200.5
2012-02-03,2087.75,23987.5,494,20777.5,31000,2287.5,31250,8557.5,2158.5
2012-02-06,2119.75,24372.5,493.5,21102.5,31000,2237.75,30750,8609.75,2175.25
2012-02-07,2081.75,24225,482.5,21297.5,32100,2250.75,31750,8398.5,2172.5
2012-02-08,2128.5,25625,477.5,21827.5,32100,2209.75,30750,8485,2236.25
2012-02-09,2107.5,25157.5,476.25,21347.5,32000,2183.75,30750,8351.25,2232.25
2012-02-10,2112.25,25497.5,475,21037.5,32000,2146.75,30750,8338.75,2218.25
2012-02-13,2087.25,25312.5,475,20977.5,32000,2165.25,30750,8317.5,2207.25
2012-02-14,2021.25,24797.5,475,20202.5,32000,2125.5,32100,8462.5,2163
2012-02-15,2016.25,24532.5,465,20347.5,33000,2190.25,32500,8335.25,2173.5
2012-02-16,1950.5,24002.5,475.25,19752.5,33000,2141.25,32000,8585.75,2116.75
2012-02-17,1963,24197.5,470,19732.5,31500,2168.5,31750,8520.25,2127.25
2012-02-20,1950.5,23537.5,465,19597.5,31500,2127.25,31500,8590.5,2130
2012-02-21,2006.25,23747.5,475,19987.5,31500,2075.75,31250,8511.5,2175.25
2012-02-22,2006.5,23925,485.5,20097.5,32500,2048.25,31100,8402.5,2211.5
2012-02-23,2036.5,24032.5,502.5,19987.5,32500,1984.5,31250,8395.25,2228.75
2012-02-24,2060.5,24050,510.25,19902.5,32250,2028,31250,8209.25,2252.75
2012-02-27,2046,23472.5,492.5,19832.5,31750,2027.75,31250,8369.75,2266.75
2012-02-28,2123.75,24112.5,500,20207.5,32000,2056.75,31250,8233,2307.75
2012-02-29,2125.25,24247.5,518,19907.5,32000,2069.5,31500,8324.5,2301.25
2012-03-01,2083.25,23877.5,494,19742.5,32000,2113.75,30750,8390.75,2288.5
2012-03-02,2088.25,23637.5,517.5,19387.5,31500,2153.25,29750,8407.5,2295.25
2012-03-05,2067.75,22902.5,507.5,19267.5,31500,2155.75,29500,8440.5,2253.25
2012-03-06,2007.75,22687.5,510,18697.5,31500,2237.75,31350,8435.75,2202.25
2012-03-07,1986.75,22447.5,505,18772.5,31500,2232.25,31000,8656.5,2172.5
2012-03-08,2018.5,22875,500,18997.5,31500,2155.25,30250,8584,2174.75
2012-03-09,2027.25,22657.5,487,18747.5,31500,2134,32100,8569.75,2169.75
2012-03-12,2027.25,22902.5,480,18997.5,31500,2122.25,32150,8574.75,2166.25
2012-03-13,2079.25,23425,504.75,19245,30500,2068.25,31000,8501.75,2187.25
2012-03-14,2073.25,23875,514.75,19347.5,31500,2039.75,31250,8335.25,2196.25
2012-03-15,2076.5,23527.5,497.5,19192.5,31500,2086.5,31500,8260.5,2195.25
2012-03-16,2083.75,23775,510,19197.5,31500,2090.25,31000,8389,2222
2012-03-19,2074.5,23612.5,475.5,18752.5,31500,2085.25,31300,8390.25,2218.75
2012-03-20,2030.25,23167.5,475.25,18767.5,31500,2121.5,30250,8401.25,2200.25
2012-03-21,2025.75,23302.5,472.5,18877.5,31500,2107.75,30250,8529,2192.25
2012-03-22,2003.5,22312.5,471.5,18467.5,30500,2095.25,30750,8467.75,2139.25
2012-03-23,1999.5,22300,467.5,18302.5,30500,2106.5,30750,8490.25,2130.75
2012-03-26,1989.75,22362.5,485,18187.5,30500,2094.75,30750,8620.25,2136.75
2012-03-27,2014.25,22462.5,495,18027.5,30500,2042.25,30250,8574.5,2132.75
2012-03-28,2006.75,22425,480.5,17717.5,30500,2025,30750,8436.5,2137.75
2012-03-29,1986,22347.5,474.5,17402.5,30500,1999.5,31250,8470.25,2107
2012-03-30,2002.75,23175,495,17427.5,30500,1994.75,30500,8319.75,2098.25
2012-04-02,1971.75,22737.5,490,17777.5,30500,1981.5,30750,8400,2081.25
2012-04-03,1993.75,23087.5,477.5,18322.5,30500,1996.5,30750,8482.5,2090.5
2012-04-04,1986.25,22525,490,18032.5,30500,1986.75,31000,8511,2059.25
2012-04-05,1975.25,22487.5,495,17862.5,30500,1988.5,30250,8480.25,2053.5
2012-04-10,1997.75,22825,485,18007.5,33000,2020.25,30750,8359.75,2050.25
2012-04-11,1985.25,22625,495,17912.5,31500,2006.5,30500,8479.75,2035.75
2012-04-12,2020.75,22612.5,493.5,18197.5,31500,2044.75,31000,8479.5,2069.5
2012-04-13,2012.25,22637.5,490.5,18397.5,31500,2013.75,30500,8575.25,2045.75
2012-04-16,1989.75,21625,472.5,17942.5,31250,1993.5,30750,8451.25,2026.5
2012-04-17,1988.25,21225,490,17752.5,31250,2037.5,30750,8365.25,2040.25
2012-04-18,1980.5,21167.5,495,17715,31250,2018.5,30400,8255.75,2028.25
2012-04-19,1984.75,21057.5,476.25,17602.5,31250,2080.75,30375,8112.5,2016.25
2012-04-20,1999.25,21252.5,482,17745,31000,2072.5,30450,8182.5,2034.25
2012-04-23,1985.25,21062.5,485,17592.5,31125,2033.25,30150,8165.25,2011.25
2012-04-24,1988.25,21387.5,480,17597.5,31000,2065.75,30650,8053.75,2029.5
2012-04-25,1990.75,21675,475,17482.5,30750,2041.5,30500,8100.25,2039.75
2012-04-26,2012.25,22492.5,475,17962.5,30750,2039.25,30500,8082.5,2040.25
2012-04-27,2031.75,22402.5,480,18252.5,30750,2099.5,30500,8045.25,2068
2012-04-30,2039.25,22622.5,480,17832.5,30750,2086.5,30550,8120.25,2057.5
2012-05-01,2048.75,22700,487.5,17522.5,30750,2079.5,30550,8122.5,2066.5
2012-05-02,2028.25,22237.5,487,17427.5,30750,2082.5,30500,8193.75,2064.25
2012-05-03,2000.25,22002.5,466.5,17377.5,30750,2112.75,30625,8285.25,2047.25
2012-05-04,1995.5,21762.5,482.5,17367.5,30750,2126.75,31050,8355.5,2047.75
2012-05-08,1986.75,21337.5,489.5,17402.5,30500,2155.75,31100,8443.25,2025.75
2012-05-09,1935.5,20837.5,460,17027.5,30500,2150.25,30300,8529.25,1986.75
2012-05-10,1943.75,20642.5,458,17132.5,30500,2143.25,30500,8527.5,2003.25
2012-05-11,1935.25,20252.5,465,17022.5,30500,2104.25,30350,8400.5,1991.75
2012-05-14,1919.75,20262.5,430.25,16977.5,30500,2079.75,30250,8317,1981.5
2012-05-15,1917.75,20150,455,16982.5,30500,2077.25,30400,8295.75,1979
2012-05-16,1913,19777.5,457,16947.5,30000,2035.75,30400,8233.5,1994.25
2012-05-17,1883.25,19447.5,430,16905,30000,2062.75,30400,8088.5,1986.75
2012-05-18,1920.5,19387.5,430,17102.5,30000,2052.75,30400,8195.25,2016.25
2012-05-21,1901.75,19425,410.5,16772.5,30000,2026.25,30400,8079.75,2003.75
2012-05-22,1899.5,19457.5,420,17027.5,30000,2016.25,30250,7979.5,1996.25
2012-05-23,1872.5,19302.5,434.75,16877.5,30050,1972.5,30825,7853.5,1974.75
2012-05-24,1867.25,19652.5,380,16912.5,30050,1929.5,30600,7709.5,1968.5
2012-05-25,1892.5,19825,385.5,16977.5,29500,1949,30500,7707.5,1979.25
2012-05-28,1900.5,19852.5,401,16977.5,29500,1941.5,30500,7795.25,1980.25
2012-05-29,1905.25,20097.5,410.5,16882.5,29500,1928.25,30500,7800,1979.25
2012-05-30,1886.75,19802.5,399.75,16387.5,29600,1921,29975,7772.5,1957.25
2012-05-31,1898.75,19712.5,386,16372.5,29550,1933.5,30350,7630.25,1973.25
2012-06-01,1852.25,19327.5,395,16022.5,29500,1944.75,29500,7660,1936.5
2012-06-06,1896.75,19900,382.25,16057.5,29500,1933.25,30050,7695.25,1944.75
2012-06-07,1897.75,19615,360,16445,29500,1931,30050,7739,1946.75
2012-06-08,1873,19475,350,16332.5,29500,1912.25,30050,7685.25,1938.25
2012-06-11,1880.75,19862.5,340,16812.5,29500,1922.25,28250,7542.5,1943.25
2012-06-12,1877.75,19625,315,17082.5,29500,1880.25,28875,7516.5,1925.75
2012-06-13,1884.75,19507.5,375.25,17082.5,29500,1907.25,29600,7363.75,1923.75
2012-06-14,1886.25,19452.5,367.5,16762.5,29350,1915.75,30000,7459.25,1924.25
2012-06-15,1907.75,19552.5,355,16607.5,29200,1883.5,29725,7480.25,1914.25
2012-06-18,1894.25,19427.5,360,16622.5,29200,1894.75,29225,7251.25,1881.75
2012-06-19,1876.25,19497.5,350,16672.5,29000,1893.25,28750,7395.75,1878.25
2012-06-20,1885.75,19512.5,355,17037.5,28500,1882.5,26500,7383.75,1879.25
2012-06-21,1848,19192.5,360,16777.5,29250,1884.75,27550,7397.25,1841.75
2012-06-22,1798.75,18362.5,360.25,16267.5,28500,1914.25,27950,7376.25,1823.25
2012-06-25,1798.75,18775,360.25,16327.5,28500,1893.25,27250,7520.5,1816.75
2012-06-26,1794.25,18597.5,364,16252.5,28200,1885.25,27750,7475.25,1810.25
2012-06-27,1759.25,18535,366,16177.5,28200,1898.75,27850,7505.25,1810.25
2012-06-28,1799.25,18842.5,366.25,16367.5,28200,1841.5,28500,7555.25,1832.25
2012-06-29,1842.75,18762.5,364.25,16472.5,28200,1791.25,27500,7425.75,1834.25
2012-07-02,1874.75,18932.5,375,16572.5,28200,1792.25,29500,7319.5,1866.75
2012-07-03,1904.75,19127.5,365,17102.5,28000,1767.75,29000,7342.25,1910.5
2012-07-04,1896.75,19092.5,388,16990,28000,1743.5,28000,7346.5,1929.75
2012-07-05,1894.75,19197.5,390,16912.5,28000,1768.5,28000,7353.5,1914.25
2012-07-06,1854.75,18902.5,380,16457.5,27800,1795.75,28325,7420.5,1887.5
2012-07-09,1839.75,18587.5,385,16242.5,27800,1851.25,28250,7604.25,1876.25
2012-07-10,1852.25,18672.5,385,16177.5,27800,1900.25,28000,7647.25,1889.5
2012-07-11,1835.5,18732.5,385,16162.5,27000,1895.25,28000,7776.5,1872.25
2012-07-12,1832.75,18472.5,385,15837.5,27000,1901.25,27775,7695.25,1835.25
2012-07-13,1868.5,18787.5,400,16152.5,27000,1857,28075,7761,1861.25
2012-07-16,1857.25,18742.5,392.5,15957.5,27000,1839,27850,7597.5,1861.5
2012-07-17,1885.25,18862.5,387.5,16112.5,27000,1862.5,27750,7520.25,1888.25
2012-07-18,1852.25,18675,382.5,15982.5,27000,1861.25,28000,7555.5,1868.25
2012-07-19,1882.75,19237.5,395,16177.5,27000,1829,29750,7525.25,1908.75
2012-07-20,1850.5,18987.5,385,15820,27000,1874.25,28000,7507.5,1894.25
2012-07-23,1798.5,18452.5,400,15640,27000,1850.75,27750,7689,1835.25
2012-07-24,1799.75,17837.5,395,15602.5,27000,1888.5,27500,7635.5,1839.75
2012-07-25,1804.75,17775,385,15712.5,27000,1872.25,27500,7670.5,1846.5
2012-07-26,1808.5,17697.5,380,15927.5,27000,1920.25,27700,7595.5,1865.25
2012-07-27,1834.5,18200,380,15857.5,25500,1898.75,30250,7764.75,1859.75
2012-07-30,1840.25,18075,380,16017.5,25500,1850.25,30250,7622.5,1851.25
2012-07-31,1849.25,18217.5,380,15997.5,25500,1840.25,30750,7386.5,1862.25
2012-08-09,1844.75,18107.5,365,15447.5,25500,1848,29400,7395.75,1865.75
2012-08-10,1822,17875,355.5,15222.5,25500,1869,29400,7440.5,1834.5
2012-08-13,1820.25,17812.5,370,15310,25500,1907.25,27400,7510.25,1823.75
2012-08-14,1792.5,18112.5,360,15552.5,25500,1908.75,27700,7554.75,1812.75
2012-08-15,1781.75,18202.5,360.25,15227.5,24450,1946.25,27755,7519.5,1803.25
2012-08-16,1765.25,18002.5,357.5,15187.5,24450,1892.5,28375,7580.5,1793.25
2012-08-17,1778,18497.5,361.5,15432.5,24000,1888.75,28125,7495.25,1810.25
2012-08-20,1759.25,18400,352.5,15337.5,24000,1865.75,27950,7430.25,1798.5
2012-08-21,1799.25,18657.5,352.5,15607.5,24000,1862.25,28500,7426.25,1820.75
2012-08-22,1803.75,18822.5,342.5,15752.5,24250,1834.75,28250,7406.5,1828.5
2012-08-23,1829.25,19862.5,342.5,16132.5,24500,1816.25,28250,7385.5,1861.25
2012-08-24,1836.25,20317.5,350.25,16427.5,26000,1870.5,29500,7385.5,1871
2012-08-28,1847.25,20662.5,352.5,16205,26000,1870.75,29500,7495.75,1882.5
2012-08-29,1834.5,20275,347.5,16232.5,26500,1912.5,29250,7432,1872.5
2012-08-30,1832.25,19412.5,342.5,16275,26500,1904.75,29000,7509.75,1867.5
2012-08-31,1805.5,19642.5,341,15872.5,26500,1921.25,29125,7571.25,1848.75
2012-09-03,1835.75,19662.5,337.5,16102.5,24500,1941.5,29500,7667.25,1879.5
2012-09-04,1856.75,19657.5,327.5,16097.5,24500,1954,29500,7600.25,1927.25
2012-09-05,1844.25,19512.5,331.5,15832.5,23500,1958.5,29500,7605.75,1927.75
2012-09-06,1872.75,19557.5,317.5,16102.5,23500,1962.75,29425,7524.25,1962.5
2012-09-07,1914.75,19957.5,322.5,16152.5,23500,1963.25,29500,7610.75,1987.75
2012-09-10,1963.25,20262.5,322.5,16522.5,23500,1981.75,29500,7576.25,2031.75
2012-09-11,1976.25,20712.5,330,16622.5,23500,1998.75,29500,7649.25,2057
2012-09-12,1998.75,21025,322.5,16822.5,24000,1991.25,29375,7640.25,2074.25
2012-09-13,1984.25,20312.5,315.5,16677.5,24000,2035.75,29375,7606.25,2081.75
2012-09-14,2072.5,21412.5,325,17522.5,24000,2061.25,29375,7670.25,2176.75
2012-09-17,2053.75,21627.5,322.5,17952.5,24000,2117.25,26000,7843.75,2161.75
2012-09-18,2049.25,21302.5,320.5,17797.5,24000,2101.25,28000,8031.75,2152.5
2012-09-19,2104.75,21525,326,17777.5,23500,2120.25,28500,8079.75,2123.5
2012-09-20,2068.25,20562.5,332.5,17597.5,23500,2112.25,28500,8100.25,2095.5
2012-09-21,2096.75,21275,350,18002.5,23500,2243.25,29000,8055.25,2093.25
2012-09-24,2045.5,20407.5,350,17807.5,23500,2242.75,29000,8400.25,2058.5
2012-09-25,2091.5,21392.5,350.25,18272.5,23500,2234,28500,8292.75,2068.5
2012-09-26,2067.75,20992.5,345.5,17927.5,23500,2271.25,29750,8223.5,2048.5
2012-09-27,2051.75,20947.5,342.5,18152.5,23500,2228,28750,8322.75,2067.75
2012-09-28,2087.75,21652.5,355,18517.5,24250,2276.25,29750,8201,2093.75
2012-10-01,2037.25,21897.5,344.5,18477.5,23600,2241.25,29750,8281.75,2068.25
2012-10-02,2097.25,22107.5,335.25,18835,23500,2284,28100,8235.25,2103.75
2012-10-03,2055.75,22075,340,18617.5,23500,2272.75,27500,8130.25,2069.5
2012-10-04,2053.75,22227.5,343,18645,23000,2265.25,27750,8174,2087.5
2012-10-05,2031.75,22452.5,345,18562.5,23000,2299.75,27625,8267,2087.25
2012-10-08,2001.25,22097.5,340,17927.5,22500,2238.25,27650,8191.25,2046.25
2012-10-10,1951.75,21682.5,335,17732.5,23500,2314.5,27400,8339,1991.5
2012-10-11,1950.25,22037.5,330.5,17642.5,23500,2293.25,27400,8275.75,1992.25
2012-10-12,1900.25,21782.5,345,17232.5,23250,2308.25,27325,8324.5,1975
2012-10-15,1887.25,21225,324,17202.5,24500,2264.75,26500,8298,1949.75
2012-10-16,1875,21412.5,335,17027.5,23000,2242.5,27400,8132.75,1930.5
2012-10-18,1893.75,21775,340,17132.5,24000,2214.75,26500,8124.25,1971.25
2012-10-19,1863.5,21727.5,320,17002.5,24250,2207.5,26600,8211,1976.25
2012-10-22,1846.5,20952.5,310,16727.5,24000,2168.5,26740,8178.5,1932.25
2012-10-23,1796.5,20477.5,315,16182.5,24000,2138.75,26500,8129.5,1913.25
2012-10-24,1808.75,20362.5,315,16295,24500,2127.5,26000,8141,1906.75
2012-10-25,1821.25,20525,315,16402.5,24575,2166.5,25500,8209.5,1909.25
2012-10-26,1792.5,19912.5,345,16097.5,24500,2134.25,25250,8120.5,1899.25
2012-10-29,1784.5,19842.5,345,15867.5,24250,2093.25,25250,7983.25,1873.25
2012-10-30,1821.25,20067.5,350,15997.5,24750,2023.75,25125,7860.5,1884.25
2012-10-31,1835,20142.5,340,16232.5,24250,2019.75,24750,7860.25,1882.25
2012-11-01,1845.25,20447.5,335,16307.5,24250,2029.25,25300,7851.75,1908.25
2012-11-02,1850.75,20297.5,340,16137.5,24250,2001.5,25225,7764.75,1936.75
2012-11-05,1813.75,20172.5,317.5,15847.5,24500,2009.5,24875,7719.5,1883.75
2012-11-06,1841.75,20747.5,302.5,15972.5,24250,2064.25,24900,7759.75,1886.75
2012-11-07,1870.25,20587.5,305,15997.5,24250,2095.25,24550,7818.5,1900.5
2012-11-08,1888.25,20547.5,305,15957.5,24250,2122.75,23700,7810.75,1897.25
2012-11-09,1859.5,20235,315.25,15887.5,24250,2147.5,23400,7765.25,1888.75
2012-11-12,1872.75,20472.5,305.25,15927.5,23900,2096.25,23500,7603.75,1929
2012-11-13,1892.25,20377.5,305,15907.5,23900,2169.5,23500,7660.75,1943.75
2012-11-14,1921.25,20587.5,300.25,15982.5,24500,2202.5,22675,7654.25,1965.5
2012-11-15,1906.75,20407.5,300.25,16012.5,24500,2202.5,23050,7605.25,1931.75
2012-11-16,1895.25,20525,300,15877.5,24500,2179.5,23050,7540.25,1921.25
2012-11-19,1891.75,20572.5,301,16057.5,24500,2179.75,23075,7626.25,1927.75
2012-11-20,1902.75,20927.5,310,16332.5,24500,2163.25,22800,7606.25,1952.25
2012-11-21,1894.5,20627.5,300,16507.5,24500,2187.75,22550,7634.75,1927.75
2012-11-22,1897.75,20562.5,300,16682.5,24500,2187.5,22600,7605.25,1915.25
2012-11-23,1915.25,20592.5,300,16527.5,24500,2179.5,22550,7572.75,1928.75
2012-11-26,1967.25,20812.5,300,16672.5,24500,2174.25,22550,7670.25,1976.25
2012-11-27,1971.25,21132.5,297.5,16667.5,24500,2186.5,22550,7730.5,2002.75
2012-11-28,1956.5,21242.5,305,16887.5,24500,2146.75,22600,7704.5,1992.25
2012-11-29,2005.75,21607.5,300,17212.5,24500,2165.75,22600,7715.75,2045.5
2012-11-30,2027.75,21797.5,305,17087.5,24500,2169,22500,7675.75,2078.5
2012-12-03,2024.25,21857.5,292.5,17595,24500,2200.5,23550,7770.25,2096.25
2012-12-04,2011.25,21762.5,292.5,17312.5,24500,2198.25,23550,7795.75,2100.25
2012-12-05,2008.25,21860,295,17442.5,24500,2187.5,23550,7719.5,2094.5
2012-12-06,2013.75,21900,292.5,17377.5,24500,2238.75,23550,7849.75,2109.25
2012-12-07,1988.25,21617.5,293,17022.5,25000,2254.25,23550,7948.75,2077.75
2012-12-10,2045.25,22362.5,320,17327.5,25000,2243,23550,7975.25,2101.25
2012-12-11,2055.75,23000,302.5,17602.5,25000,2229,23550,7990.75,2130.5
2012-12-12,2058.5,23152.5,296.5,17757.5,25000,2231,22250,8021.5,2134.5
2012-12-13,2037.25,22875,295,17427.5,25000,2223.75,23650,8020.25,2121.25
2012-12-14,2058.25,23202.5,295,17702.5,25250,2178.5,23550,7965.25,2132.25
2012-12-17,2049.25,23312.5,285,17552.5,25500,2257.5,23650,8111.25,2163.25
2012-12-18,2055.5,23447.5,290,17647.5,25500,2278,23600,8069,2080.5
2012-12-19,2048,23655,290,17582.5,25500,2286.5,24075,8101.5,2072.5
2012-12-20,2031,23302.5,295,17522.5,25500,2278.75,24600,8000.25,2031.75
2012-12-21,2031,23347.5,275.25,17382.5,25500,2292.5,24375,8047.25,2035.25
2012-12-24,2054.5,23197.5,287.5,17012.5,25500,2268.5,24500,8000.5,2045.25
2012-12-27,2061.5,23337.5,300,17227.5,25500,2292.25,24500,8005.25,2043.25
2012-12-28,2040.75,23207.5,287.5,17097.5,25500,2310.75,25000,7945.75,2030.5
2012-12-31,2034.25,23497.5,279.5,17082.5,25500,2311,25000,7825.25,2039.75
2013-01-02,2086.75,24347.5,285,17422.5,25500,2275.5,25000,7768.25,2093.25
2013-01-03,2091.5,24125,285,17537.5,25500,2298.5,25000,7779,2108.25
2013-01-04,2023.25,23987.5,275.5,17312.5,25500,2310.5,25000,7871.25,2055.5
2013-01-07,1984.75,23742.5,275,17212.5,26000,2316.5,25000,7867.5,2004.75
2013-01-08,1976.5,24007.5,277.5,17142.5,26000,2339.75,25000,7914.75,2026.75
2013-01-09,2003.25,24437.5,281,17437.5,26000,2384.5,25000,8084.75,2061.25
2013-01-10,2018.25,24872.5,290,17535,26000,2412.25,25000,8140.25,2074.25
2013-01-11,2010.25,24697.5,295,17322.5,26000,2342.5,25750,8025.5,2076.75
2013-01-14,1995.75,25075,292.5,17357.5,26000,2288.75,25750,7995.25,2062.25
2013-01-15,1954.5,24782.5,282.5,17185,26000,2296.5,25125,8050.25,2002.25
2013-01-16,1941.75,24892.5,285,17282.5,26000,2323.25,25000,8058.5,1990.75
2013-01-17,1973.25,25175,290,17382.5,26000,2331.5,25000,8116.5,2003.25
2013-01-18,2028.25,25082.5,290,17620,26000,2322.5,25750,8070.75,2021.25
2013-01-21,2018.25,25022.5,265,17370,26000,2304.5,25250,8029.75,2000.75
2013-01-22,2026.25,24972.5,283.5,17372.5,26000,2257.25,26500,7944.5,2008.75
2013-01-23,2066.25,24837.5,290,17480,26000,2254.25,26500,7910.25,2047.25
2013-01-24,2056.75,24447.5,287,17287.5,25000,2269.5,26500,7927.5,2026.75
2013-01-25,2081.25,24705,285,17262.5,25000,2318.5,26500,8051.5,2042.25
2013-01-28,2070.25,24487.5,270,17407.5,25000,2295.75,26500,8020.25,2006.25
2013-01-29,2058.75,24477.5,262.5,17612.5,24800,2315.25,26500,8067.5,1997.5
2013-01-30,2118.5,25065,270,18202.5,24800,2372.25,26500,8115.25,2046.25
2013-01-31,2138.75,25087.5,272.5,18372.5,24800,2368.75,26500,8035.75,2073.25
2013-02-01,2129.5,24807.5,260.5,18377.5,24800,2399.25,24750,8059.75,2055.75
2013-02-04,2140.75,24942.5,270,18590,24800,2366,25000,8014.75,2078.5
2013-02-05,2144.75,24942.5,267.5,18562.5,24800,2377.5,25750,8010.25,2074.75
2013-02-06,2136.25,24847.5,280,18485,24800,2438.25,25250,8175.25,2059.25
2013-02-07,2136.75,24952.5,265,18217.5,25050,2437.75,25625,8169,2065.75
2013-02-08,2157.25,24872.5,265,18217.5,24800,2425.5,25625,8159.75,2066.25
2013-02-11,2185.75,24997.5,257.5,18237.5,24800,2442,25250,8225.75,2075.75
2013-02-12,2164.25,24922.5,263.5,18282.5,24800,2447.5,25250,8242.25,2059.25
2013-02-13,2187.25,24902.5,275,18277.5,24300,2424.25,25250,8199.5,2087.25
2013-02-14,2164.75,24777.5,270,18287.5,24300,2406.25,25250,8211.75,2114.5
2013-02-15,2167.75,24912.5,270,18240,24000,2408.5,25350,8214.75,2122.75
2013-02-18,2132.75,24697.5,270,17932.5,24000,2408.75,25350,8215.75,2085.75
2013-02-19,2121.75,23922.5,260,17582.5,24500,2375.25,25350,8184.25,2075.25
2013-02-20,2136.25,23897.5,260,17195,24500,2422.5,25400,8220.75,2065.25
2013-02-21,2086.25,23125,265,16762.5,24500,2400.5,25350,8196.75,2046.75
2013-02-22,2084.75,23292.5,270,16740,24500,2395.25,25250,8075.25,2024.25
2013-02-25,2082.5,23302.5,260,16707.5,24500,2373.5,25400,8069.5,2003.75
2013-02-26,2071.75,23162.5,250,16512.5,24200,2363.75,25350,8009.25,1970.75
2013-02-27,2083.75,23600,245,16707.5,24200,2314.5,25350,7847.25,1971.5
2013-02-28,2065.25,23532.5,240,16657.5,24200,2320.75,25350,7822.5,1959.75
2013-03-01,2001.5,23042.5,240,16422.5,24200,2306.25,25525,7865.25,1914.25
2013-03-04,1991.25,23347.5,215,16537.5,24200,2279.5,25500,7784.5,1926.75
2013-03-05,1983.75,23522.5,220,16502.5,24200,2310.5,25500,7830.75,1942.75
2013-03-06,1971.75,23467.5,225,16572.5,24200,2287.25,25500,7826.5,1927.5
2013-03-07,1962.75,23517.5,225,16512.5,24200,2219.5,25375,7620.25,1910.25
2013-03-08,1969.5,23747.5,217.5,16557.5,24000,2234.75,25150,7750.5,1926.75
2013-03-11,1916.25,23602.5,217.5,16647.5,24200,2206.5,25275,7717.5,1895.25
2013-03-12,1975,23822.5,220,16967.5,23950,2201,25250,7699.25,1938.75
2013-03-13,1978.5,23892.5,215,17062.5,24000,2166.5,25237.5,7670.75,1945.25
2013-03-14,1953.5,23987.5,212.5,16982.5,24000,2194.75,25250,7729.75,1937.75
2013-03-15,1947.25,24002.5,240,17102.5,24000,2170.75,25250,7676,1943.5
2013-03-18,1896.25,23202.5,210,16552.5,24000,2218.75,25037.5,7814,1895.25
2013-03-19,1887.75,23297.5,210,16607.5,24000,2233.5,25362.5,7777.25,1902.25
2013-03-20,1900.75,23117.5,220,16722.5,24000,2234,25375,7761.75,1905.25
2013-03-21,1917.5,22692.5,207.5,16847.5,24000,2234.5,24900,7781.5,1901.5
2013-03-22,1912.75,22725,205,16825,24000,2164.25,25000,7555.25,1905.5
2013-03-25,1909.25,22992.5,200,16927.5,24000,2159.5,25150,7538,1898.25
2013-03-26,1912.25,22977.5,200,16947.5,24000,2162.75,25450,7574.25,1890.25
2013-03-27,1853.5,22552.5,160.5,16667.5,24000,2183.75,25475,7577.5,1867.25
2013-03-28,1870.25,23137.5,185.25,16537.5,24000,2163.25,25850,7617,1881.25
2013-04-02,1843.25,22992.5,185,16387.5,24000,2168.5,25075,7601.75,1861.5
2013-04-03,1833.75,22762.5,184.5,16187.5,24000,2162.25,25005,7630.5,1845.25
2013-04-04,1835.75,22720,180,16037.5,24000,2088.75,25275,7569.75,1833.25
2013-04-05,1847.5,22712.5,172.5,15927.5,24000,2093.75,25200,7582.25,1844.75
2013-04-08,1860.5,22982.5,167.5,16132.5,24000,2077,25075,7434.25,1865.25
2013-04-09,1876.75,22870,162.5,16067.5,24000,2039.25,25550,7405.25,1858.25
2013-04-10,1891.75,22995,162.5,16145,24000,2037.25,25425,7336.25,1877.75
2013-04-11,1854.75,22747.5,161,15952.5,24000,2042.25,25175,7375.75,1855.25
2013-04-12,1843.25,22777.5,163.5,15940,24000,2037,25550,7457.25,1840.75
2013-04-15,1813.25,21225,157.5,15452.5,24000,2048.5,25602.5,7485.25,1803.75
2013-04-16,1860.75,21272.5,147.5,15727.5,24000,2087.5,25900,7546.75,1860.5
2013-04-17,1835.25,20687.5,142.5,15337.5,24000,2061.25,25850,7509.75,1855.25
2013-04-18,1841.25,20302.5,154,15387.5,24000,2046,25850,7509,1873.5
2013-04-19,1857.25,20995,140.25,15227.5,24000,1982.25,27125,7120.25,1871.25
2013-04-22,1836.25,20717.5,155,15177.5,24000,2037.5,26825,7218.75,1840.75
2013-04-23,1829.25,20637.5,150,15082.5,24000,2012.75,26875,7066,1858.25
2013-04-24,1860.75,20852.5,150.25,15202.5,24000,1997.25,27250,6962.25,1870.75
2013-04-25,1881.75,20815,135,15132.5,24000,2008,27000,6974.75,1882.75
2013-04-26,1886.75,20772.5,135,15277.5,24000,1997.25,27000,6875,1889.75
2013-04-29,1861.75,20772.5,130,15282.5,24000,1989,26750,6810.5,1846.25
2013-04-30,1853.75,20775,112.5,15197.5,24500,2009.25,27150,6935.25,1846.25
2013-05-01,1803.25,19772.5,107.5,14972.5,24500,2040.75,27550,7034,1788.25
2013-05-02,1823.75,19947.5,114,14767.5,24500,2036.5,27250,7054.25,1802.5
2013-05-03,1821.25,19962.5,135,14907.5,24500,2020.5,27500,7078.5,1827.5
2013-05-07,1840.25,20342.5,145,14962.5,24500,2018.75,27500,7073.25,1841
2013-05-08,1870.25,20382.5,140,15437.5,24500,1969.5,27400,6872.5,1886.25
2013-05-09,1846.75,20647.5,140,15332.5,24500,1978.5,27600,6870.25,1864.25
2013-05-10,1835.25,20762.5,150,15322.5,24500,1969,28050,7121.5,1847.5
2013-05-13,1823.75,20827.5,130,15232.5,24500,2019.5,27950,7240.25,1827.25
2013-05-14,1813.75,20637.5,139,15102.5,24500,2048.25,27600,7325.5,1825.25
2013-05-15,1792.25,20597.5,143,14827.5,23750,2012.25,27600,7310.5,1800.25
2013-05-16,1789.75,20622.5,140,14767.5,23750,1983.25,28150,7390.25,1802.25
2013-05-17,1812.75,20897.5,130.25,14852.5,23750,1980.5,27525,7350.25,1840.25
2013-05-20,1806.75,20997.5,135,14847.5,23750,1975.5,27800,7195.25,1810.75
2013-05-21,1833.25,21262.5,135.5,15032.5,23750,1948.5,27550,7095.25,1834.75
2013-05-22,1840.25,21497.5,135,15162.5,23750,1966.25,27425,7095.25,1837.25
2013-05-23,1820.25,20987.5,130,14752.5,24000,2002.75,27225,7329.25,1825.75
2013-05-24,1822.75,21112.5,127.5,14752.5,23500,2001.5,28050,7275.5,1814.25
2013-05-28,1819.75,21147.5,135,14827.5,24000,2040.25,28500,7383.5,1807.75
2013-05-29,1836.75,21002.5,130,14777.5,24000,2053.25,27550,7477.5,1820.75
2013-05-30,1869.5,20882.5,140,14637.5,24000,2024.75,28350,7285.25,1856.5
2013-05-31,1881.75,20822.5,137.5,14632.5,24000,2055.75,28650,7239.5,1875.25
2013-06-03,1906.25,20997.5,132.5,15027.5,23500,2097.75,29500,7256.75,1888.25
2013-06-04,1911.75,21012.5,140,15137.5,23500,2116.75,29900,7201.25,1902.25
2013-06-05,1924.75,21087.5,140,15252.5,23500,2148.5,29900,7245.25,1938.75
2013-06-06,1895.25,20895,140,14917.5,23500,2192.75,29500,7240.5,1927.25
2013-06-07,1903.25,20977.5,140,15047.5,23500,2209.75,29700,7330.25,1933.25
2013-06-10,1849.25,20842.5,140,14852.5,23500,2218,29700,7337.25,1883.5
2013-06-11,1832.75,20597.5,135,14492.5,23500,2246.25,29750,7421.25,1848.25
2013-06-12,1832.5,20442.5,135,14382.5,23500,2205.25,29900,7310.75,1842.5
2013-06-13,1815.25,20252.5,135,14027.5,23500,2187.75,29750,7281.5,1812.75
2013-06-14,1817.75,20247.5,135,14227.5,23500,2122.75,30500,7119.75,1815.25
2013-06-17,1815.75,20297.5,130,14082.5,22700,2128.75,30000,7035.5,1789.25
2013-06-18,1816.5,20137.5,130,14012.5,22700,2132.75,30000,7085.75,1794.75
2013-06-19,1834.75,20047.5,135,14007.5,22700,2091,30000,7057.25,1792.25
2013-06-20,1794.75,19442.5,135,13742.5,22500,2099.75,30000,7044.5,1748.25
2013-06-21,1808.75,19512.5,125,13777.5,22700,2099.25,30000,7020.25,1747.75
2013-06-24,1783.75,19542.5,185,13637.5,22700,2075.5,30000,6970.25,1728.75
2013-06-25,1804,19712.5,145,13862.5,22700,2081.5,29800,6972.25,1744.25
2013-06-26,1800.75,19697.5,150,13557.5,22700,2008.75,30000,6807.75,1732.75
2013-06-27,1807.75,19697.5,140,13615,22700,2016.75,31050,6776,1719.25
2013-06-28,1822.75,19787.5,125,13677.5,22700,1995.5,31800,6637.25,1730.75
2013-07-01,1832.75,19752.5,125,13830,22700,2022.75,31800,6726.25,1753.75
2013-07-02,1855.75,20222.5,125,13912.5,22700,2031.75,31800,6685.25,1792.25
2013-07-03,1851.25,20092.5,125,13802.5,21500,2037.5,30002.5,6705,1774.25
2013-07-04,1840.25,20002.5,135,13682.5,21500,2057.5,30125,6750.25,1767.25
2013-07-05,1805.25,19697.5,140,13527.5,21500,2058.75,29750,6916,1742.75
2013-07-08,1818.75,19297.5,135,13322.5,21500,2087.5,30050,6979.75,1736.25
2013-07-09,1824.5,19367.5,140,13157.5,21500,2057.75,29250,6921.5,1739.75
2013-07-10,1845.75,19677.5,145,13467.5,21500,2067.25,29550,6920.25,1761.25
2013-07-11,1885.25,19687.5,125,13652.5,21500,2035.25,30050,6820.5,1800.25
2013-07-12,1860.75,19447.5,135,13562.5,21500,2031.75,30025,6764.75,1790
2013-07-15,1855.75,19302.5,100,13377.5,20500,2028.5,29800,6718.75,1761.25
2013-07-16,1843.25,19392.5,100,13532.5,20500,2045.75,29550,6779.75,1752.25
2013-07-17,1831.75,19457.5,102.5,13807.5,20500,2092.75,28650,6995.25,1772.25
2013-07-18,1821.25,19352.5,110,13882.5,20500,2049,29300,6922.75,1752.75
2013-07-19,1833.5,19587.5,120,13977.5,20500,2049.25,29050,6891.25,1772.5
2013-07-22,1839.75,19487.5,120,14052.5,19500,2044.25,29125,6936.25,1794.25
2013-07-23,1837.25,19397.5,120,13972.5,19500,2037.25,28750,6923.5,1801.25
2013-07-24,1862.75,19602.5,115,14117.5,20500,2016.25,28750,6855.25,1806.75
2013-07-25,1838.5,19262.5,125,14047.5,20000,2035.75,28375,6919.75,1784.25
2013-07-26,1832.25,19312.5,130,13827.5,19800,2035.75,27375,6979,1761.25
2013-07-29,1809.25,19380,130,13637.5,19800,2039.25,27500,6960.5,1759.75
2013-07-30,1800.5,19750,130,13432.5,20100,2062.75,26275,7076.25,1741.25
2013-07-31,1792.75,19890,130,13567.5,20100,2049.75,25552.5,6927.25,1731.75
2013-08-01,1822.25,20552.5,130,13757.5,20100,2060.25,25820,6905.25,1776.25
2013-08-02,1835,20867.5,120,13817.5,20100,2055,26550,6860.25,1769.5
2013-08-05,1822.75,21127.5,125,13832.5,20100,2028.75,24750,6751.5,1755.25
2013-08-06,1828.75,21292.5,125,13887.5,20100,2033.25,26750,6802.5,1752.75
2013-08-07,1800.5,21177.5,125,13582.5,20100,2089,26000,6998.5,1730.75
2013-08-08,1844.5,21637.5,135,14157.5,20100,2111.25,26050,7018.5,1781.5
2013-08-09,1905.25,22125,125,14437.5,20100,2111.75,26500,6950.25,1821.25
2013-08-12,1907,22102.5,137,14772.5,20100,2117.75,26500,7026.25,1832.25
2013-08-13,1904.25,22037.5,140,14732.5,20100,2089.5,25450,6891.5,1839.25
2013-08-14,1902.25,21822.5,140,14712.5,20100,2119.5,26875,7121.25,1834.75
2013-08-15,1904.75,21512.5,145,14657.5,20100,2151,27375,7185.5,1842.25
2013-08-16,1949.75,21862.5,145,14682.5,20100,2179.75,27400,7245.5,1876.25
2013-08-19,1955,21837.5,145,14652.5,20100,2177.75,27900,7280.75,1872.25
2013-08-20,1939.5,22000,145,14562.5,20100,2168,27050,7272.25,1848.5
2013-08-21,1936.25,22012.5,145,14447.5,20100,2189,27000,7226.5,1852.25
2013-08-22,1941.5,21997.5,145,14432.5,20100,2224,26855,7335.25,1857.25
2013-08-23,1931.75,21987.5,145,14342.5,20100,2237.5,26912.5,7285.25,1834.5
2013-08-27,1937.25,21697.5,145,14322.5,20100,2229.25,27250,7265.25,1827.75
2013-08-28,1932.75,21637.5,145,14232.5,21100,2219.5,27250,7235.75,1826.25
2013-08-29,1900.75,21512.5,145,14067.5,21100,2227.25,27250,7340.25,1797.5
2013-08-30,1877.25,21227.5,145,13752.5,21100,2196,28400,7300.25,1775.25
2013-09-02,1867.75,21127.5,145,13772.5,21100,2205.25,27050,7300.25,1763.75
2013-09-03,1867.75,21275,150,13632.5,20800,2229.25,28500,7235.75,1772.75
2013-09-04,1838.25,21775,150,13537.5,21000,2197.5,30625,7210.25,1744.25
2013-09-05,1839.75,22352.5,150,13655,21000,2160.25,30500,7094.5,1753.75
2013-09-06,1868.25,22600,150,13897.5,21000,2151,30050,7175.25,1780.25
2013-09-09,1845.25,23187.5,155,13817.5,21200,2151.25,30500,7183.25,1766.75
2013-09-10,1837.25,22962.5,155,13772.5,21200,2121,29900,7125,1759.25
2013-09-11,1837.75,22827.5,155,13672.5,21000,2121.75,29602.5,7102,1756.25
2013-09-12,1824.25,22437.5,185,13617.5,21000,2150.5,28250,7170.25,1746
2013-09-13,1833.25,22627.5,175,13602.5,20500,2134.25,28250,7191.25,1746.5
2013-09-16,1824.75,22897.5,197.5,13817.5,20500,2124.75,27900,7171.5,1734.25
2013-09-17,1822.75,22912.5,199.5,13772.5,20500,2119.5,28350,7162.5,1729.75
2013-09-18,1825.25,22932.5,195,13777.5,20500,2082.75,28000,7043.25,1741.75
2013-09-19,1875.75,23330,195,14137.5,20500,2062.5,27700,7028.25,1783.25
2013-09-20,1858.25,23342.5,195,14085,20500,2039.25,28250,7049.75,1771.25
2013-09-23,1843,22897.5,219.5,13827.5,20500,2022.5,27500,7056.25,1754.25
2013-09-24,1844.75,22922.5,205,13677.5,20500,2052.75,27450,7090.25,1753.25
2013-09-25,1841.25,22987.5,209.5,13712.5,20500,2091.75,27300,7301.25,1751.5
2013-09-26,1860.25,23287.5,209.5,13777.5,20500,2075.25,26850,7294.75,1761.25
2013-09-27,1879.75,23447.5,200,13882.5,20500,2042.5,26025,7180.75,1789.25
2013-09-30,1876.25,23392.5,209.75,13855,20500,2044.75,26500,7140.25,1802.75
2013-10-01,1852.25,23187.5,209.75,13737.5,20500,2042.25,26600,7154.75,1785.5
2013-10-02,1827.75,22707.5,219.75,13627.5,20500,2060.5,26600,7220.25,1773.25
2013-10-03,1840.25,22845,219.75,13630,20500,2082.75,26800,7252.25,1785.25
2013-10-04,1830.5,22972.5,225,13555,20500,2074.5,26750,7290.25,1789.25
2013-10-07,1828.75,23650,220,13837.5,20500,2052.25,26900,7218.75,1790.75
2013-10-08,1849.75,23715,215,13832.5,20500,2034,27125,7155.75,1818.25
2013-10-09,1857.5,23497.5,215,13757.5,20500,2047,27150,7215.25,1838.75
2013-10-10,1852.25,23392.5,227.5,13717.5,20500,2026.75,27100,7147.5,1818.25
2013-10-11,1872.75,23322.5,224.75,13727.5,20500,2027.5,27400,7170.75,1829.75
2013-10-14,1883.5,23377.5,235,13905,20500,2055.5,27250,7231.25,1821.75
2013-10-15,1886.5,23087.5,220,13892.5,20500,2060.75,27375,7140.5,1804.75
2013-10-16,1858.75,22937.5,220,13837.5,20500,2053.5,27125,7112.25,1786.75
2013-10-17,1885.75,22902.5,220,13965,20350,2072.5,27250,7124,1795.75
2013-10-18,1907.5,22757.5,220,14167.5,20350,2101.75,27250,7205.25,1808.25
2013-10-21,1906.75,22902.5,215,14292.5,20500,2112,27150,7185.75,1807.25
2013-10-22,1929.75,23392.5,220,14632.5,20500,2103.25,27200,7158.25,1829.25
2013-10-23,1914.25,22902.5,225,14577.5,20500,2127.75,27100,7171.75,1821.5
2013-10-24,1895.25,22842.5,220,14412.5,20500,2158.25,27125,7241.25,1801.5
2013-10-25,1894,22822.5,220,14382.5,20550,2157.25,27025,7225.25,1806.75
2013-10-28,1922.5,23207.5,220,14457.5,21000,2182.75,27050,7259,1838.75
2013-10-29,1938.75,23222.5,220,14517.5,21000,2158.75,27050,7200.25,1848.75
2013-10-30,1937.25,23197.5,225,14552.5,21000,2140.75,26575,7159.75,1843.25
2013-10-31,1925.25,22992.5,245,14512.5,21000,2148.75,26750,7125.75,1832.75
2013-11-01,1916.75,22962.5,240,14577.5,21000,2182.75,26850,7160.5,1817.25
2013-11-04,1899.5,22787.5,235,14257.5,21000,2194.75,27250,7215.25,1787.75
2013-11-05,1886.25,22725,232.5,14312.5,21000,2186.25,26700,7275.25,1767.25
2013-11-06,1896.25,23012.5,230,14287.5,21000,2169,26900,7233.5,1784.25
2013-11-07,1868.25,22712.5,232.5,13947.5,20800,2170.75,27375,7255.25,1775.75
2013-11-08,1863,22930,232.5,13862.5,20800,2138.5,27000,7179.75,1764.75
2013-11-11,1864.25,22865,230,13807.5,20800,2123.25,26800,7138.25,1760.25
2013-11-12,1856.25,22762.5,230,13652.5,20800,2149.5,26950,7199.5,1754.75
2013-11-13,1852.25,22762.5,227.5,13602.5,20800,2116,26700,7118.75,1745.75
2013-11-14,1851.25,22902.5,230,13587.5,20800,2116.75,26700,7125.25,1740.25
2013-11-15,1859.5,22970,230,13687.5,20800,2107.25,27000,7134,1737.75
2013-11-18,1863.25,22987.5,230,13685,20800,2091.5,26000,7123.75,1737.25
2013-11-19,1859.75,22837.5,230,13577.5,20800,2076.5,25975,7021.25,1737.75
2013-11-20,1861.75,22917.5,227.5,13507.5,20800,2073.75,26000,6938.75,1739.75
2013-11-21,1858.75,22962.5,227.5,13422.5,20800,2072.5,25500,6967.25,1730.25
2013-11-22,1872.25,22875,230,13435,20800,2071.75,25500,6999.25,1746.5
2013-11-25,1871.75,22897.5,235,13475,20800,2062.25,25625,6946.5,1733.5
2013-11-26,1872.75,22942.5,235,13462.5,20800,2073.75,25625,6979.75,1734.5
2013-11-27,1855.25,22852.5,235,13402.5,20800,2060.5,25625,6991.5,1720.75
2013-11-28,1847.75,22587.5,235,13265,20800,2082.75,25625,7065.25,1700.75
2013-11-29,1858.75,22527.5,235,13412.5,20800,2067.5,26000,7067.25,1710.5
2013-12-02,1855.25,22682.5,235,13387.5,20800,2066.5,26000,7051.25,1699.25
2013-12-03,1856.75,22482.5,235,13347.5,20800,2040,26000,6987.5,1694.75
2013-12-04,1861.25,22662.5,245,13522.5,20800,2051.25,25350,7026.5,1701.5
2013-12-05,1882.5,23112.5,245,13782.5,20800,2040.25,25250,7008.25,1727.75
2013-12-06,1882.25,23012.5,250,13737.5,20800,2035.25,26125,6944.75,1728
2013-12-09,1911.25,23137.5,255,13832.5,20800,2046.5,26275,6974.75,1748.75
2013-12-10,1938.25,23265,255,14002.5,20800,2073.75,26450,7080.75,1762.25
2013-12-11,1952.25,22562.5,255,13925,21300,2066,26350,7112,1768.75
2013-12-12,1951.75,22675,255,14002.5,21300,2085.25,26350,7140.5,1759.25
2013-12-13,1958.75,22712.5,255,13902.5,21300,2103.25,26350,7165.25,1750.25
2013-12-16,1992.25,22847.5,255,14057.5,21300,2113.75,26450,7169.25,1745.25
2013-12-17,1989.25,22775,275,13915,21000,2113.5,26250,7229.75,1745.25
2013-12-18,1994.75,22745,295,14032.5,21000,2115.25,26250,7218.25,1749.25
2013-12-19,1976.25,22847.5,295,14067.5,21000,2151.25,26500,7325.25,1735.25
2013-12-20,2021,22862.5,295,14212.5,21000,2149.75,26500,7285.75,1738.5
2013-12-23,2071.75,22852.5,295,14305,21000,2131.25,27500,7229,1717.75
2013-12-24,2076.5,22942.5,295,14047.5,21000,2137.25,27500,7218.25,1709.5
2013-12-27,2115.5,22975,295,14162.5,21000,2168.75,27850,7264.25,1753.25
2013-12-30,2104.75,22787.5,295,14012.5,21000,2195.25,27500,7250.5,1770.75
2013-12-31,2085.25,22537.5,290,13967.5,21000,2223.25,29000,7279,1764.25
2014-01-02,2081.5,22487.5,290,13902.5,21000,2258.75,29500,7374.5,1755.25
2014-01-03,2044.25,21577.5,295,13865,21000,2239.5,29600,7386.75,1738.25
2014-01-06,2025.25,21497.5,290,13565,21000,2205.5,29600,7394.25,1717.25
2014-01-07,2050.25,21717.5,290,13477.5,21000,2211.75,29300,7439.25,1732.75
2014-01-08,2045.75,22062.5,305,13442.5,21000,2167.5,27600,7335.25,1736.25
2014-01-09,2014.25,21812.5,335,13362.5,21500,2135,27300,7313.25,1712.75
2014-01-10,2019.75,21842.5,360,13677.5,20500,2156.5,26900,7353.5,1715.75
2014-01-13,2035.25,21902.5,355,13977.5,21475,2126.75,27700,7367.5,1715.75
2014-01-14,2096.5,22242.5,355,14282.5,21475,2092.75,27650,7281.5,1724.75
2014-01-15,2054.25,22097.5,355,14242.5,21500,2096.5,27575,7283.25,1714.75
2014-01-16,2081.75,22412.5,355,14490,22050,2118.5,27650,7305.25,1751.75
2014-01-17,2067.25,22387.5,355,14592.5,21750,2181.25,27950,7342.5,1765.75
2014-01-20,2075.25,22287.5,355,14432.5,21750,2150.5,27800,7308.5,1767.25
2014-01-21,2069.25,22137.5,355,14562.5,22300,2198.25,28700,7345.25,1742.25
2014-01-22,2074.75,22237.5,355,14642.5,22300,2175.25,28700,7379.25,1746.5
2014-01-23,2050.75,22162.5,355,14632.5,22300,2187.25,28700,7337.5,1731.5
2014-01-24,2018.75,22112.5,360,14552.5,22300,2176.25,27500,7331.75,1726.25
2014-01-27,2007.75,21997.5,360,14257.5,22300,2181.75,28500,7326.5,1710.75
2014-01-28,1997.25,22102.5,360,14077.5,22300,2154.5,28000,7284.75,1712.75
2014-01-29,2000.5,22142.5,360,14092.5,22300,2145.25,28500,7239.75,1709.25
2014-01-30,1963,22302.5,360,13855,22300,2135,29550,7232.5,1685.75
2014-01-31,1965.25,21912.5,360,13697.5,22300,2126.5,30600,7214.75,1663.25
2014-02-03,1962.5,22187.5,360,13827.5,22300,2142.5,30400,7208.5,1658.25
2014-02-04,1964.5,22325,360,13857.5,22300,2115.5,31000,7154.5,1641.25
2014-02-05,1976,22137.5,360,13837.5,22300,2091.25,31250,7090.5,1662.75
2014-02-06,1984.75,22055,360,13817.5,22300,2087.25,31250,7095.25,1654.25
2014-02-07,2035.5,22267.5,360,14102.5,22300,2091.25,31150,7106,1677.75
2014-02-10,2027.5,22232.5,360,14262.5,22300,2092,31250,7095.75,1671.75
2014-02-11,2005.5,22282.5,360,14117.5,22300,2077,31150,7108.75,1670.75
2014-02-12,2015.5,22412.5,360,14267.5,22300,2116.75,31200,7199.75,1685.5
2014-02-13,2020.75,22580,360,14232.5,22300,2111.25,31350,7190.25,1686.75
2014-02-14,2046.5,22927.5,360,14230,22300,2084,31450,7119.75,1710.25
2014-02-17,2062.75,23227.5,360,14337.5,22300,2103.25,31350,7174.25,1700.25
2014-02-18,2070.25,23090,360,14402.5,22000,2104.75,31200,7156,1693.25
2014-02-19,2074.75,23227.5,360,14472.5,22000,2122.5,31700,7175,1726.25
2014-02-20,2034.75,23037.5,360,14262.5,22375,2131.25,31100,7207.5,1717.25
2014-02-21,2059.5,23127.5,360,14407.5,22500,2132.25,31250,7204.75,1733.75
2014-02-24,2042.75,23097.5,360,14157.5,23125,2154,31000,7217.5,1699.25
2014-02-25,2058.25,23145,360,14230,22500,2123.75,31550,7184.75,1708.25
2014-02-26,2076.75,23572.5,360,14282.5,23000,2101.75,31550,7129.75,1734.75
2014-02-27,2071.75,23587.5,360,14182.5,22000,2111.75,31550,7114.5,1715.75
2014-02-28,2109.75,23542.5,360,14545,22000,2109.5,31205,7148.75,1723.75
2014-03-03,2094.75,23127.5,355,14505,22500,2098.75,31450,7094.75,1674.25
2014-03-04,2113.75,23212.5,355,14827.5,22500,2115.25,31050,7097.25,1686.75
2014-03-05,2155.25,23345,355,15302.5,23000,2080.75,31150,7032.25,1741.25
2014-03-06,2117.5,23300,375,15452.5,23000,2102.25,31000,7034.75,1731.75
2014-03-07,2094.25,23132.5,370,15327.5,23000,2123.25,30700,7102.25,1729.25
2014-03-10,2046.5,22852.5,370,15132.5,23000,2104.75,30800,7054.25,1714.75
2014-03-11,2070.5,23252.5,395,15632.5,22500,2084.25,30950,6930.25,1745.75
2014-03-12,2014.75,22960,395,15667.5,22500,2038.5,30150,6715.75,1716.25
2014-03-13,1992.5,22777.5,395,15725,22500,2078.5,30500,6720.25,1702.75
2014-03-14,1990.5,23092.5,395,15802.5,22500,2021.75,30700,6497.5,1697.75
2014-03-17,1970.75,22887.5,390,15862.5,22000,2007.5,28600,6494.75,1683.75
2014-03-18,1952.25,23122.5,390,16072.5,22500,2017.5,29500,6489.75,1690.25
2014-03-19,1957.25,23222.5,385,16112.5,22000,2035.25,31000,6549.75,1671.75
2014-03-20,1956.75,23112.5,385,15907.5,22000,2026.5,30500,6471.25,1673.5
2014-03-21,1952.25,22987.5,385,15987.5,22000,2035.25,30500,6445.75,1676.75
2014-03-24,1941.75,22957.5,385,16132.5,22000,2045.75,30500,6434.25,1688.25
2014-03-25,1966.75,23227.5,385,16220,22000,2060.5,30500,6539.25,1716.25
2014-03-26,1980.75,23272.5,385,15955,22000,2049.25,30250,6509.75,1705.25
2014-03-27,1965.75,23037.5,385,15667.5,22000,2058.75,30250,6559.25,1682.25
2014-03-28,1980.5,23037.5,385,15767.5,23000,2064.75,30250,6554.75,1709.25
2014-03-31,1980.5,23022.5,385,15732.5,23000,2057.75,30750,6666.5,1730.25
2014-04-01,1961.5,22907.5,385,15777.5,23000,2040.5,30250,6635.75,1743.75
2014-04-02,1983.75,23112.5,385,16125,23000,2025.5,30000,6631.75,1776.25
2014-04-03,1964.5,23090,385,16142.5,23000,2035.5,30000,6712.5,1782.25
2014-04-04,1998.25,23182.5,385,16512.5,25500,2015.75,30000,6605.75,1809.5
2014-04-07,1985.75,23100,385,16465,25500,2045.75,29700,6676.75,1793.25
2014-04-08,2000.5,23202.5,385,16405,26250,2021,29500,6610.25,1784.75
2014-04-09,2023.25,23347.5,385,16497.5,25500,2040,29500,6651.5,1791.25
2014-04-10,2033.25,23350,385,17037.5,25500,2070.25,29500,6630.25,1853.25
2014-04-11,2036.5,23582.5,385,17392.5,27000,2087.25,30000,6637.25,1840.25
2014-04-14,2032.25,23490,385,17732.5,27000,2104.25,29500,6685.5,1833.25
2014-04-15,2036.75,23462.5,385,17275,28000,2074.5,29500,6644.75,1816.25
2014-04-16,2056.25,23487.5,385,17877.5,28000,2090.25,29500,6627.5,1832.75
2014-04-17,2057.25,23315,385,17982.5,28000,2109,29500,6599.5,1836.75
2014-04-22,2067,23662.5,385,18225,28000,2120.75,30000,6630.75,1846.5
2014-04-23,2067.75,23712.5,385,18117.5,28000,2132.75,30000,6628.25,1835.25
2014-04-24,2072.25,23902.5,385,18425,28250,2141.25,30250,6642.5,1840.25
2014-04-25,2061.75,23812.5,385,18462.5,28250,2147.25,30000,6730.5,1823.25
2014-04-28,2061.25,23787.5,385,18547.5,28375,2142.75,30000,6785.25,1800.25
2014-04-29,2051.75,23587.5,385,18227.5,28250,2124.5,29750,6781.75,1779.25
2014-04-30,2054,23162.5,385,18187.5,28250,2094.75,29475,6769,1769.25
2014-05-01,2025.25,23037.5,385,18065,29000,2088.25,29650,6723.5,1736.25
2014-05-02,2012.25,22975,385,18190,29000,2070.25,29625,6670.25,1736.25
2014-05-06,2050.25,23202.5,385,18455,29000,2060.25,30000,6698.5,1749.25
2014-05-07,2048.75,23247.5,385,18575,29000,2090.5,29625,6739.5,1728.25
2014-05-08,2019.75,23237.5,385,19385,30500,2081.75,29850,6687.75,1717.25
2014-05-09,2027.25,23275,385,20100,30000,2063,29850,6690.25,1717.75
2014-05-12,2062.25,23337.5,385,20847.5,31000,2080.75,29800,6769,1739.25
2014-05-13,2064.75,23212.5,385,21175,31000,2092.75,30000,6928,1738.75
2014-05-14,2084.75,23477.5,385,20647.5,31000,2099,30000,6884.25,1757.25
2014-05-15,2076.75,23397.5,385,18747.5,31000,2112.75,30050,6976.25,1752.75
2014-05-16,2057.25,23432.5,385,19152.5,31000,2124.5,30200,6948.75,1731.25
2014-05-19,2084.75,23552.5,385,19782.5,31000,2120.75,30100,7008.5,1724.25
2014-05-20,2082.75,23325,385,19677.5,31000,2113.5,29800,6922.25,1721.75
2014-05-21,2048.75,23037.5,385,19402.5,31000,2084.75,30100,6840.75,1714.25
2014-05-22,2080.5,23387.5,385,19667.5,31000,2112.25,30100,6945.25,1745.25
2014-05-23,2083.25,23332.5,385,19617.5,31500,2122,30100,6990.5,1781.25
2014-05-27,2081.5,23362.5,385,19637.5,31500,2119.75,30100,7017.5,1777.25
2014-05-28,2089.25,23352.5,385,19512.5,31500,2116.5,30500,7032.5,1801.25
2014-05-29,2046.75,23362.5,385,18745,31500,2074.75,30600,6969,1784.25
2014-05-30,2073.5,23502.5,385,19305,32200,2084.25,30550,6995.25,1823.25
2014-06-02,2080.5,23412.5,385,19402.5,30500,2088.5,30800,7002.75,1816.25
2014-06-03,2083.5,23312.5,385,19002.5,30500,2094.75,30875,6929.5,1802.25
2014-06-04,2080.25,23227.5,385,18947.5,32500,2093.5,30550,6834.75,1796.25
2014-06-05,2093.5,23237.5,385,19002.5,32500,2079.5,30525,6799.75,1828.25
2014-06-06,2069.25,23022.5,385,18462.5,32500,2062.75,30425,6660.25,1816.75
2014-06-09,2128.5,23132.5,390,18755,32500,2104.25,30550,6667.25,1870.25
2014-06-10,2106.25,23025,390,18452.5,32500,2107.75,30450,6695.25,1864.75
2014-06-11,2102.25,22827.5,390,18325,32500,2090.25,30625,6689.25,1835.25
2014-06-12,2108.5,22837.5,390,18027.5,32500,2084.25,30550,6724.75,1821.75
2014-06-13,2072.75,22600,390,17937.5,32500,2053.75,30450,6671.25,1800.75
2014-06-16,2084.75,22652.5,390,18312.5,32500,2063.75,30425,6734.75,1801.75
2014-06-17,2111.75,22595,390,18927.5,32500,2091.5,30325,6710.75,1808.25
2014-06-18,2128.5,22582.5,390,18657.5,32500,2099.5,30250,6738.75,1828.25
2014-06-19,2138.25,22602.5,390,18457.5,32500,2097.25,30150,6730.25,1843.75
2014-06-20,2166.75,22627.5,390,18337.5,32500,2107.5,30150,6777.25,1844.75
2014-06-23,2182.75,22667.5,390,18417.5,32500,2136.5,30100,6900.5,1856.75
2014-06-24,2182.25,22547.5,390,18145,32500,2159.5,30137.5,6898.25,1858.25
2014-06-25,2169.25,22597.5,390,18277.5,32500,2139.25,30225,6890.25,1866.25
2014-06-26,2179.75,22422.5,390,18612.5,30350,2140.25,30400,6936.25,1856.75
2014-06-27,2182.25,22337.5,390,18762.5,32000,2138.25,30450,6975.5,1849.75
2014-06-30,2204.25,21852.5,390,18710,29500,2128.75,30900,6954.5,1850.25
2014-07-01,2193.75,22577.5,390,18847.5,29500,2128.75,30900,7014.75,1837.25
2014-07-02,2207.25,22752.5,385,19070,29500,2139,30900,7049,1861.5
2014-07-03,2229.75,22825,390,19790,28500,2160.25,30750,7120.75,1889.5
2014-07-04,2235.5,22777.5,390,19382.5,28500,2155.75,31000,7158.5,1892.75
2014-07-07,2246.5,22705,390,19177.5,28500,2160.5,30600,7120.25,1893.5
2014-07-08,2294.5,22612.5,390,19437.5,28500,2168.75,30850,7154.75,1910.25
2014-07-09,2307.25,22202.5,390,19512.5,28000,2193.5,31000,7172.75,1923.75
2014-07-10,2257.5,22087.5,390,18970,28000,2148,31000,7109.5,1885.25
2014-07-11,2286.75,22000,390,19062.5,28000,2175.25,31500,7150.5,1906.25
2014-07-14,2315.25,22167.5,390,19207.5,28000,2193.25,32625,7154.25,1922.75
2014-07-15,2288.25,22080,415,19257.5,28500,2174,32250,7102.25,1927.75
2014-07-16,2299.25,22100,415,19195,28500,2179.75,32500,7111.5,1962.25
2014-07-17,2288.25,22062.5,415,19077.5,28500,2160.5,32500,7030.25,1967.25
2014-07-18,2287.25,22070,415,18502.5,29000,2167.5,32500,7026.25,1958.25
2014-07-21,2305.75,22152.5,415,18722.5,29000,2173.5,32500,6989.25,1987.5
2014-07-22,2369.5,22102.5,415,18922.5,29000,2205.5,32500,7060.25,2020.25
2014-07-23,2371.5,22112.5,415,18957.5,29000,2198.5,32000,7062.5,2010.5
2014-07-24,2392.75,22222.5,415,19077.5,29000,2208.25,32375,7150.5,2013.25
2014-07-25,2419.75,22402.5,415,19155,29000,2264.5,32750,7183.25,2008.25
2014-07-28,2404.5,22537.5,405,18787.5,29000,2268.5,32625,7131,1987.25
2014-07-29,2387.75,22587.5,415,18522.5,29000,2264.5,32750,7115.75,1973.75
2014-07-30,2357.75,22537.5,415,18677.5,28500,2217.5,31500,7089.5,1982.25
2014-07-31,2399.5,22937.5,415,18762.5,28500,2236.75,32000,7135.25,2016.25
2014-08-01,2346.75,22477.5,415,18277.5,28500,2196.25,32250,7077.75,1964.25
2014-08-04,2358.75,22362.5,415,18367.5,28500,2239.75,32250,7103,1978.5
2014-08-05,2379.5,22375,405,18487.5,28500,2246,32500,7100.25,2001.75
2014-08-06,2332.5,22350,415,18272.5,28500,2212.25,32500,6994.5,1983
2014-08-07,2319.75,22312.5,415,18855,28500,2247.5,32500,6980.25,2014.25
2014-08-08,2304.25,22275,415,18615,28500,2236.5,32000,7019.5,2017.25
2014-08-11,2308.5,22317.5,415,18492.5,28500,2247.75,32500,7010.25,2031
2014-08-12,2328.75,22462.5,415,18847.5,29000,2259.5,32375,7025.25,2039.75
2014-08-13,2296.75,22477.5,415,18575,29000,2230.25,32375,6925.25,2025.75
2014-08-14,2294.5,22387.5,415,18532.5,29000,2205.5,32200,6886.25,2004.75
2014-08-15,2259.5,22387.5,415,18502.5,28500,2194.25,32250,6852.25,1979.5
2014-08-18,2262.25,22420,415,18417.5,28500,2200.25,32500,6909.75,1994.5
2014-08-19,2313.25,22387.5,415,18547.5,28500,2240.25,32500,6934.25,2027.75
2014-08-20,2331.75,22382.5,415,18775,28500,2235.25,32500,6921.5,2036.75
2014-08-21,2350.5,22262.5,415,18727.5,28500,2253.5,32500,7002.75,2058.25
2014-08-22,2363.75,22412.5,415,18622.5,28850,2259,32375,7087.75,2055.25
2014-08-26,2359.25,22080,425,18802.5,28850,2256.5,32950,7095.5,2081.75
2014-08-27,2349.5,21910,435,18632.5,28750,2250.5,32750,7050.5,2082.25
2014-08-28,2359.25,21797.5,435,18645,28500,2254.25,32525,7032.5,2107.75
2014-08-29,2358.5,21825,445,18452.5,28750,2258.5,32500,6994.5,2113.75
2014-09-01,2350.25,21687.5,445,18657.5,28750,2229.75,32500,6966.25,2081.75
2014-09-02,2374.5,21537.5,445,18552.5,28750,2232.5,32750,6965.25,2082.75
2014-09-03,2371.75,21392.5,445,18815,28750,2216.5,32750,6926,2077.5
2014-09-04,2401.75,21502.5,445,19230,28750,2226.5,32750,6966.75,2085.25
2014-09-05,2389.5,21475,445,19382.5,28750,2199,32750,6972.5,2074.5
2014-09-08,2390.25,21275,445,19735,28500,2193.5,32750,7040.25,2081
2014-09-09,2338.25,21090,445,19357.5,28000,2157.5,32500,6936.75,2044.75
2014-09-10,2274.75,20987.5,445,18547.5,27500,2099.75,32500,6897.25,2011.75
2014-09-11,2267.25,21170,445,18457.5,27300,2111.5,32500,6828.75,2001.75
2014-09-12,2269.5,21177.5,445,18342.5,27300,2114.75,32500,6855.75,2008.25
2014-09-15,2254.5,21137.5,445,18252.5,27300,2102.75,32375,6849.5,1958
2014-09-16,2246.25,21045,445,17900,26500,2090.5,32250,6895.25,1969.25
2014-09-17,2255.25,21052.5,445,17917.5,26000,2091.5,32250,6958.25,1966.25
2014-09-18,2246.75,21202.5,445,17880,26000,2077.5,32800,6919,1949.75
2014-09-19,2250.25,21187.5,445,17752.5,25000,2067.5,33000,6868,1949
2014-09-22,2215.25,21175,450,17072.5,25000,2050.25,32000,6781.5,1924.75
2014-09-23,2240.75,21157.5,445,17132.5,25000,2073.75,32125,6796.75,1939.25
2014-09-24,2249.75,21297.5,445,17190,24500,2057.5,32000,6749.75,1922.25
2014-09-25,2262.75,20687.5,445,17207.5,24500,2073.75,32125,6765.5,1926.75
2014-09-26,2270.25,20437.5,445,17275,24000,2074,32000,6770.5,1924.25
2014-09-29,2253,20532.5,445,16507.5,24000,2056.5,32250,6735.25,1913.5
2014-09-30,2289.75,20327.5,445,16502.5,23000,2082.5,32250,6735.5,1934.5
2014-10-01,2257.75,20197.5,445,15852.5,23000,2070.5,32500,6754.75,1898.25
2014-10-02,2252.25,20400,445,16045,23000,2077.75,32000,6693.25,1869.25
2014-10-03,2250.25,20392.5,445,16267.5,23000,2079.75,32000,6662.5,1882.75
2014-10-06,2289.25,20462.5,445,16482.5,20900,2084.5,32000,6712.25,1897.75
2014-10-07,2307.25,20262.5,445,16737.5,20900,2094.75,32000,6714.75,1885.75
2014-10-08,2331.75,20217.5,445,16697.5,20900,2094,32000,6754.75,1920.25
2014-10-09,2327.75,20212.5,445,16627.5,20000,2081.5,31000,6766.75,1923.5
2014-10-10,2310.75,20097.5,445,16307.5,20000,2056.5,31000,6696.5,1891.25
2014-10-13,2322.5,20160,445,16387.5,20000,2071.5,31000,6801,1903.25
2014-10-14,2323.25,20152.5,445,16177.5,20000,2053.25,31250,6780.25,1908.75
2014-10-15,2329,19722.5,445,16132.5,22000,2042.25,31250,6780.75,1912.25
2014-10-16,2204.75,19295,445,15312.5,20000,1955.75,31250,6629.5,1872.75
2014-10-17,2226.75,19302.5,460,15502.5,20000,1997.5,31250,6628.75,1929.25
2014-10-20,2222.25,19397.5,460,15312.5,20000,2011.75,31000,6614.75,1954.25
2014-10-21,2187.75,19487.5,460,15212.5,20000,1999.25,31250,6659,1971.5
2014-10-22,2244.75,19587.5,460,15215,20000,2037,31250,6730.25,1979.75
2014-10-23,2229.75,19527.5,460,14937.5,20000,2005.75,31500,6718,1984.25
2014-10-24,2263.5,19412.5,460,15002.5,20000,2010.5,31500,6759.25,1950.25
2014-10-27,2249,19542.5,460,14635,20500,1986.75,30500,6800.25,1963.25
2014-10-28,2252.25,19752.5,460,15052.5,20500,2018.5,31000,6859.25,1990.25
2014-10-29,2264.75,20147.5,460,15580,20500,2019.5,31000,6854.5,2011.75
2014-10-30,2282.5,19925,460,15312.5,20500,2003.75,31000,6784.75,2015.25
2014-10-31,2334.75,20112.5,460,15812.5,20500,2014.75,30500,6835,2056.75
2014-11-03,2328.25,19847.5,460,15562.5,20500,1999.5,31000,6800.5,2055.75
2014-11-04,2285.75,19602.5,460,15152.5,20500,2006.5,30500,6705.25,2050.25
2014-11-05,2218.5,19535,460,14977.5,20500,1974.75,31000,6645.75,2037.5
2014-11-06,2217.25,19837.5,460,15252.5,20500,1978.25,31000,6680.75,2052.25
2014-11-07,2227.75,20012.5,460,15262.5,21500,1996.5,31000,6720.25,2076.75
2014-11-10,2272.5,20025,460,15067.5,21500,2028.75,31000,6735.25,2040.75
2014-11-11,2236.5,19922.5,460,15087.5,20500,2016.5,31000,6687.75,2017.5
2014-11-12,2274.25,20147.5,460,15530,20500,2033,31000,6752.25,2061.75
2014-11-13,2278.25,20027.5,460,15515,20500,2022.25,31000,6755.25,2064.5
2014-11-14,2242.25,19812.5,460,15317.5,20500,2022.5,31000,6692.5,2020.25
2014-11-17,2241.25,19607.5,460,15597.5,20500,2022.25,31000,6751.5,2049.25
2014-11-18,2237.5,19572.5,460,15647.5,20500,2016.5,31200,6683.75,2015.25
2014-11-19,2231.25,19700,460,15847.5,20500,2025.75,31200,6714.5,2024.75
2014-11-20,2236.25,19762.5,460,16172.5,20500,2016.75,31000,6687,2016.75
2014-11-21,2298.75,20237.5,490,16447.5,20950,2059.75,31000,6789.75,2077
2014-11-24,2298.5,20477.5,490,16532.5,20577.5,2045.5,30500,6730.75,2059.75
2014-11-25,2287.25,20207.5,490,16452.5,20600,2060.5,30500,6695.5,2083.5
2014-11-26,2272,20362.5,490,16227.5,20375,2045,30250,6648.5,2098.75
2014-11-27,2270.25,20370,490,16312.5,20375,2064.5,30250,6621.25,2098.5
2014-11-28,2226.75,20172.5,490,16085,20500,2026.5,30500,6515.25,2071.25
2014-12-01,2194.5,20132.5,490,16202.5,20260,2024.75,30500,6384.5,2020.75
2014-12-02,2205.75,20247.5,490,16172.5,20300,2017.5,30500,6454.75,2014.75
2014-12-03,2194.25,20452.5,490,16322.5,20300,2016.75,30400,6450.75,1966.5
2014-12-04,2215.5,20412.5,490,16777.5,20300,2029.5,30700,6490.5,1974.75
2014-12-05,2230.25,20257.5,490,16822.5,20300,2026.25,31000,6535.5,2001.75
2014-12-08,2211.5,20302.5,490,16552.5,19600,2019.5,31000,6465.25,1959.75
2014-12-09,2185.25,20387.5,490,16252.5,19600,2008.5,32000,6400.5,1944.75
2014-12-10,2190.75,20460,490,16422.5,19600,2003,32000,6475.75,1949.75
2014-12-11,2150.5,20360,490,16147.5,20350,1982.25,31500,6471.25,1935.25
2014-12-12,2173.75,20412.5,490,16332.5,19600,1971,32000,6526,1917.75
2014-12-15,2186.75,20377.5,490,16657.5,19600,1963,31550,6557.5,1916.25
2014-12-16,2142.25,20350,490,16127.5,19600,1936.25,31350,6387.5,1874.75
2014-12-17,2113.5,19455,490,15427.5,19600,1866.5,31300,6305.5,1863.25
2014-12-18,2121.25,19187.5,490,15502.5,19600,1853.75,30250,6350,1888.25
2014-12-19,2157.75,19397.5,490,15325,19600,1869.75,30590,6445.25,1887.75
2014-12-22,2179.25,19097.5,490,15627.5,19600,1863,30500,6426.25,1877.5
2014-12-23,2154,18525,490,15375,20500,1862.25,30800,6362.5,1851.75
2014-12-24,2152,18792.5,490,15262.5,20500,1847.25,30800,6360.5,1833.5
2014-12-29,2134.75,19142.5,490,15105,20500,1821.5,31000,6331,1827.25
2014-12-30,2138.5,18987.5,490,14852.5,20500,1813.75,31000,6327.5,1834
2014-12-31,2166.5,19487.5,490,14932.5,20500,1852.5,31500,6358.5,1831.25
2015-01-02,2183.25,19387.5,490,14877.5,20500,1844.5,31580,6307,1821.25
2015-01-05,2154.5,19625,490,14582.5,20500,1832.75,31180,6215.5,1792.75
2015-01-06,2170.25,19557.5,490,15280,20500,1830.5,31380,6190.5,1772.25
2015-01-07,2145.25,19677.5,490,15452.5,20500,1819.5,31380,6169,1761.75
2015-01-08,2159.5,19737.5,490,15320,20500,1852.5,31300,6230.25,1776.25
2015-01-09,2150.25,19647.5,490,15432.5,20500,1825.5,31300,6150.75,1797.75
2015-01-12,2128.5,19512.5,490,14952.5,21000,1830.5,31200,6130.5,1778.5
2015-01-13,2082.5,19552.5,490,14777.5,20500,1800.25,30900,5914.5,1766.25
2015-01-14,2020.75,19387.5,490,14245,20500,1744.75,30900,5626,1767.25
2015-01-15,2037.75,19457.5,490,14560,20500,1770.5,30900,5718.5,1782.25
2015-01-16,2056.25,19300,490,14357.5,20500,1766.25,30900,5657.5,1798.25
2015-01-19,2068.25,19277.5,490,14387.5,20250,1827.25,31150,5670.5,1825.25
2015-01-20,2097.75,19412.5,490,14537.5,20250,1875.25,30750,5760.25,1829.5
2015-01-21,2090.25,19122.5,490,14765,20250,1861.75,30750,5630.25,1830.75
2015-01-22,2143.5,19577.5,490,14717.5,20250,1881.25,30550,5741.5,1866.5
2015-01-23,2106.25,19500,490,14402.5,20250,1830.75,30300,5580.75,1830.25
2015-01-26,2090.25,19487.5,490,14372.5,20250,1844.75,30300,5489.5,1817.75
2015-01-27,2130.5,19550,490,14672.5,19750,1843.75,30300,5556,1846.75
2015-01-28,2111.75,19447.5,490,14927.5,19250,1853.25,29750,5485.25,1849.25
2015-01-29,2078.25,19062.5,490,14702.5,19250,1826.75,29600,5390.25,1822.25
2015-01-30,2111.25,19237.5,490,14782.5,19250,1843.25,29400,5502.5,1837.25
2015-02-02,2122.5,18972.5,490,15047.5,19250,1838.5,29750,5535.25,1851.5
2015-02-03,2146,18937.5,490,15372.5,19250,1847.5,29625,5692.5,1869.75
2015-02-04,2138.75,18937.5,490,14927.5,19250,1840.75,29750,5707.5,1862
2015-02-05,2107.25,18875,490,14832.5,18500,1846,29750,5594.75,1848.75
2015-02-06,2149.75,18850,490,14962.5,18500,1849.5,29250,5691.5,1871.25
2015-02-09,2150.5,18510,485,15047.5,18450,1845,28850,5665.5,1854.75
2015-02-10,2121.25,18222.5,485,14857.5,17950,1834.5,28825,5590.5,1842.5
2015-02-11,2112.5,17827.5,485,14705,17650,1826.5,28950,5645.25,1811.25
2015-02-12,2129.25,17897.5,475,14602.5,17500,1809.5,28975,5694.75,1817.5
2015-02-13,2151.75,18237.5,475,14740,17150,1833,28950,5730.5,1831.25
2015-02-16,2150,18015,475,14427.5,17150,1820.5,28975,5711.5,1814.25
2015-02-17,2104.75,18000,475,14212.5,16450,1795.25,29025,5665.25,1800.25
2015-02-18,2082,18010,410,14112.5,16300,1773.75,29050,5689.5,1796
2015-02-19,2072.5,18182.5,395,13922.5,16450,1783.25,28950,5719.5,1801.75
2015-02-20,2046.5,18087.5,365,13945,16300,1774.25,28850,5706.5,1796.25
2015-02-23,2031.75,17952.5,370,13912.5,16300,1756.5,28750,5656.75,1772.25
2015-02-24,2049.5,18092.5,350,14247.5,16100,1761.75,28800,5712.5,1791.5
2015-02-25,2055.25,18060,295,14307.5,16100,1762,28600,5804.75,1783.25
2015-02-26,2072.75,18097.5,300,14397.5,16100,1758.75,28550,5935.25,1798.25
2015-02-27,2060.25,17917.5,300,14042.5,16750,1725.75,28550,5880.25,1794.25
2015-03-02,2048.25,17637.5,300,13880,16750,1724.75,28700,5895.5,1796.75
2015-03-03,2023.75,17762.5,300,13590,17050,1735.5,27750,5854.5,1783.25
2015-03-04,2020.5,17927.5,300,13827.5,17050,1746.75,27375,5881.5,1786.5
2015-03-05,2012.25,17875,300,14052.5,17050,1783.25,27625,5855.75,1787.5
2015-03-06,1994.25,18062.5,300,14080,17050,1804.5,27600,5826.25,1784.5
2015-03-09,2004.75,18025,300,14405,17250,1814.5,27600,5799.75,1760.25
2015-03-10,2002.25,17837.5,300,14072.5,17250,1807,27750,5783.25,1749.25
2015-03-11,2007.25,17712.5,300,13972.5,17250,1811.25,27800,5785.75,1753.75
2015-03-12,1999.75,17402.5,300,13822.5,17250,1812.25,27850,5865.25,1741.75
2015-03-13,2000.25,17402.5,300,13847.5,17250,1791.5,27600,5859,1743.75
2015-03-16,2000.5,17337.5,300,13802.5,17250,1756.5,27600,5852.75,1760.5
2015-03-17,1984.5,17357.5,300,13557.5,17250,1723.5,27650,5764.75,1769.75
2015-03-18,1997.5,17117.5,300,13572.5,17900,1714.5,27550,5692.25,1771.25
2015-03-19,1999.5,16802.5,300,13627.5,18250,1695.75,27550,5834.75,1782.25
2015-03-20,2012.5,16927.5,300,13952.5,18250,1758.25,27550,5919.5,1762.5
2015-03-23,2069.5,17487.5,300,14195,18250,1823.25,27550,6093.25,1786.75
2015-03-24,2069.5,17522.5,300,14022.5,18250,1830.5,27400,6127,1786
2015-03-25,2065.25,17395,295,13677.5,18250,1829.5,27400,6134.25,1763.5
2015-03-26,2095,17262.5,295,13612.5,18250,1843,27375,6229.5,1783.25
2015-03-27,2068.75,17297.5,300,13257.5,18250,1830.75,27200,6145.5,1771.75
2015-03-30,2078.25,17097.5,300,13042.5,18250,1815.75,27150,6109.75,1776.25
2015-03-31,2075.25,16727.5,300,12457.5,18250,1807.5,26750,6050.25,1788.75
2015-04-01,2068.5,16397.5,300,12325,18150,1819.75,26450,6019.25,1765.25
2015-04-02,2093.25,16565,300,12927.5,18150,1864.75,26750,6001.25,1770.25
2015-04-07,2126.25,16762.5,300,12562.5,17400,1886.25,26850,6040.5,1784.75
2015-04-08,2147.75,16717.5,300,12722.5,17400,1914.75,27350,6052.5,1774.5
2015-04-09,2165.5,16637.5,300,12542.5,17400,1944.25,28300,6049.75,1773.25
2015-04-10,2199.5,16502.5,300,12585,17400,1997.5,28450,6054.5,1772.75
2015-04-13,2217,16407.5,300,12515,17400,1985.5,28400,6011.25,1781.25
2015-04-14,2176.25,16125,300,12257.5,16850,1962.75,28550,5916.25,1770.25
2015-04-15,2181.25,15862.5,300,12512.5,16750,1976.25,27750,5920.25,1810.5
2015-04-16,2228.5,15755,300,12887.5,16750,2038.5,28050,6053.5,1856
2015-04-17,2225.75,14757.5,300,12727.5,17250,2041.5,28680,6080.75,1846.25
2015-04-20,2221.5,15007.5,295,12367.5,17250,2036.25,29250,6001,1858.25
2015-04-21,2188.5,15372.5,295,12767.5,17050,2013.75,29300,5974,1826.25
2015-04-22,2229,15527.5,295,12622.5,17000,2048.25,29650,5926.75,1817.25
2015-04-23,2214.75,15502.5,295,12542.5,17000,2021.5,29950,5934.75,1805.25
2015-04-24,2221.75,15645,295,12855,17000,2052.75,29900,6025.25,1829.75
2015-04-27,2281.25,16047.5,295,13507.5,17000,2081.5,29750,6060.5,1827.25
2015-04-28,2301,16262.5,295,13227.5,17000,2094.5,30000,6090,1867.75
2015-04-29,2287.75,15702.5,295,13282.5,17000,2082.5,30100,6102.5,1890
2015-04-30,2355.25,16022.5,295,13857.5,17000,2124.25,30100,6244.75,1909.25
2015-05-01,2355.25,16175,295,13757.5,17000,2138.5,30200,6361.75,1918.5
2015-05-05,2399,16007.5,295,14127.5,17250,2139.5,29950,6407.5,1910.25
2015-05-06,2402.5,16015,295,14412.5,17250,2113.75,29850,6400.25,1915.25
2015-05-07,2381.75,16052.5,295,13912.5,16850,2080.25,30000,6436.5,1870.25
2015-05-08,2382.25,15937.5,295,14095,16850,2069.5,29950,6396,1863.75
2015-05-11,2329.75,15650,295,14282.5,16850,2022,29950,6362.75,1851.75
2015-05-12,2359,15925,295,14115,16850,2020.5,30050,6446.5,1854.5
2015-05-13,2376.5,15925,295,14037.5,16850,2038.75,30100,6415.5,1859.5
2015-05-14,2335.25,15727.5,295,13827.5,17050,1994.25,30100,6398.5,1845.75
2015-05-15,2284.25,15787.5,295,13652.5,17050,1961.25,30100,6355.75,1812.75
2015-05-18,2294.25,16002.5,295,13680,17050,1959.5,30100,6382.75,1795.25
2015-05-19,2254.5,15797.5,295,13385,17050,1935.75,30050,6269.75,1749.75
2015-05-20,2202.75,15937.5,295,12825,16750,1918.5,29950,6207.5,1748.75
2015-05-21,2193.25,15887.5,300,13012.5,16850,1952.25,30000,6239.5,1735.75
2015-05-22,2168.25,15810,295,12705,17050,1942.25,30450,6197.25,1725.75
2015-05-26,2177.5,15672.5,295,12645,17050,1931,30450,6134.25,1710.25
2015-05-27,2165.75,15342.5,280,12612.5,17050,1920.5,30500,6084.75,1699.25
2015-05-28,2219.75,15452.5,280,12837.5,17050,1967.75,30625,6116.5,1719.25
2015-05-29,2212,15447.5,280,12672.5,16950,1959.25,30500,6088.25,1705.25
2015-06-01,2138.25,15387.5,280,12535,17250,1908.75,30600,5970.25,1691.25
2015-06-02,2137.75,15525,280,12907.5,17250,1915.75,30400,5998.25,1711.25
2015-06-03,2157.25,15447.5,280,12930,16750,1911.75,30550,5991.75,1716.25
2015-06-04,2140.25,15432.5,125,12837.5,16700,1928.25,30300,5953.75,1697.25
2015-06-05,2131.75,15247.5,125,12862.5,16650,1902.25,30325,5924.25,1693.25
2015-06-08,2118.25,15297.5,125,13092.5,16550,1901.25,29900,5914.5,1695.25
